first_name,last_name,address,phone,email,doorman
Tybi,Dafforne,6739 Sunnyside Crossing,7526438899,tdafforne0@sciencedirect.com
Matelda,Buggs,45 Sachtjen Road,8456796512,mbuggs1@google.com.au
Berne,Kivlehan,49500 Eggendart Hill,6578678133,bkivlehan2@house.gov
Hilly,Bleakman,7 Farmco Street,4403549503,hbleakman3@nasa.gov
Dolores,Lys,75 Schlimgen Place,7536770523,dlys4@adobe.com
Ingar,Lantaph,8 Kings Pass,1874986170,ilantaph5@mozilla.org
Kimbra,Wynne,2 1st Junction,4511296237,kwynne6@google.ru
Wini,Jaquet,55381 Katie Crossing,2082976649,wjaquet7@wikia.com
Gannon,de Mullett,240 Shopko Place,2078523564,gdemullett8@odnoklassniki.ru
Janetta,Gillyett,28917 Talmadge Point,3304675837,jgillyett9@vk.com
Latrina,Koppke,49165 Wayridge Park,5894425774,lkoppkea@ihg.com
Cornie,Watt,26064 Merry Road,9008407750,cwattb@cyberchimps.com
Fernanda,Cheale,78880 Namekagon Alley,5782274367,fchealec@moonfruit.com
Hayward,McCarrell,47931 Tennyson Road,6383227316,hmccarrelld@sitemeter.com
Rafferty,Clancy,8 4th Court,3267078048,rclancye@netscape.com
Dorey,Orgen,7840 Stuart Place,4125462768,dorgenf@examiner.com
Sunny,Marder,809 Warbler Hill,7846554938,smarderg@blogs.com
Helenelizabeth,Kindleysides,4 Service Terrace,9891453657,hkindleysidesh@ask.com
Viviene,MacLucais,0535 Eagle Crest Point,9035046607,vmaclucaisi@jugem.jp
Gallagher,Willimot,1579 Autumn Leaf Plaza,5247236183,gwillimotj@statcounter.com
